,precision,recall,f1-score,support
0,0.9333333333333333,0.6787878787878788,0.7859649122807018,165.0
1,0.7476190476190476,0.9515151515151515,0.8373333333333334,165.0
accuracy,0.8151515151515152,0.8151515151515152,0.8151515151515152,0.8151515151515152
macro avg,0.8404761904761905,0.8151515151515152,0.8116491228070175,330.0
weighted avg,0.8404761904761906,0.8151515151515152,0.8116491228070176,330.0
