,precision,recall,f1-score,support
0,0.8783783783783784,0.7878787878787878,0.8306709265175719,165.0
1,0.8076923076923077,0.8909090909090909,0.8472622478386167,165.0
accuracy,0.8393939393939394,0.8393939393939394,0.8393939393939394,0.8393939393939394
macro avg,0.843035343035343,0.8393939393939394,0.8389665871780942,330.0
weighted avg,0.8430353430353431,0.8393939393939394,0.8389665871780941,330.0
