,precision,recall,f1-score,support
0,0.9473684210526315,0.6545454545454545,0.7741935483870966,165.0
1,0.7361111111111112,0.9636363636363636,0.8346456692913387,165.0
accuracy,0.8090909090909091,0.8090909090909091,0.8090909090909091,0.8090909090909091
macro avg,0.8417397660818713,0.8090909090909091,0.8044196088392177,330.0
weighted avg,0.8417397660818713,0.8090909090909091,0.8044196088392176,330.0
