,precision,recall,f1-score,support
0,0.9791666666666666,0.5696969696969697,0.7203065134099617,165.0
1,0.6965811965811965,0.9878787878787879,0.8170426065162907,165.0
accuracy,0.7787878787878788,0.7787878787878788,0.7787878787878788,0.7787878787878788
macro avg,0.8378739316239316,0.7787878787878788,0.7686745599631262,330.0
weighted avg,0.8378739316239316,0.7787878787878788,0.7686745599631262,330.0
