,precision,recall,f1-score,support
0,0.8888888888888888,0.6303030303030303,0.7375886524822693,165.0
1,0.7136150234741784,0.9212121212121213,0.8042328042328043,165.0
accuracy,0.7757575757575758,0.7757575757575758,0.7757575757575758,0.7757575757575758
macro avg,0.8012519561815337,0.7757575757575758,0.7709107283575368,330.0
weighted avg,0.8012519561815334,0.7757575757575758,0.7709107283575368,330.0
